<?xml version="1.0" encoding="UTF-8"?>
<!-- Created with TexturePacker http://www.codeandweb.com/texturepacker-->
<!-- $TexturePacker:SmartUpdate:538fbefcc0f16e1650d929a002c66263:4f715245e0566aa66ce3289b0cb2a6f3:628d44f20a20d4ab7a3617802fac7201$ -->
<TextureAtlas imagePath="atlas.png" width="788" height="788">
    <SubTexture name="benchmark_object" x="337" y="754" width="32" height="32"/>
    <SubTexture name="brush" x="1" y="704" width="63" height="64" frameX="0" frameY="0" frameWidth="64" frameHeight="64"/>
    <SubTexture name="button" x="314" y="514" width="44" height="44" frameX="0" frameY="-1" frameWidth="45" frameHeight="45"/>
    <SubTexture name="flight_00" x="194" y="348" width="167" height="165" frameX="-41" frameY="-20" frameWidth="220" frameHeight="220"/>
    <SubTexture name="flight_01" x="146" y="514" width="167" height="162" frameX="-41" frameY="-22" frameWidth="220" frameHeight="220"/>
    <SubTexture name="flight_02" x="362" y="312" rotated="true" width="151" height="167" frameX="-41" frameY="-32" frameWidth="220" frameHeight="220"/>
    <SubTexture name="flight_03" x="1" y="510" rotated="true" width="144" height="193" frameX="-15" frameY="-36" frameWidth="220" frameHeight="220"/>
    <SubTexture name="flight_04" x="230" y="145" rotated="true" width="110" height="202" frameX="-7" frameY="-67" frameWidth="220" frameHeight="220"/>
    <SubTexture name="flight_05" x="511" y="144" rotated="true" width="140" height="167" frameX="-41" frameY="-66" frameWidth="220" frameHeight="220"/>
    <SubTexture name="flight_06" x="514" y="312" rotated="true" width="145" height="167" frameX="-41" frameY="-65" frameWidth="220" frameHeight="220"/>
    <SubTexture name="flight_07" x="362" y="480" width="167" height="142" frameX="-41" frameY="-65" frameWidth="220" frameHeight="220"/>
    <SubTexture name="flight_08" x="652" y="137" rotated="true" width="131" height="167" frameX="-41" frameY="-66" frameWidth="220" frameHeight="220"/>
    <SubTexture name="flight_09" x="530" y="480" rotated="true" width="131" height="167" frameX="-41" frameY="-68" frameWidth="220" frameHeight="220"/>
    <SubTexture name="flight_10" x="337" y="623" width="167" height="130" frameX="-41" frameY="-71" frameWidth="220" frameHeight="220"/>
    <SubTexture name="flight_11" x="505" y="648" width="167" height="128" frameX="-41" frameY="-73" frameWidth="220" frameHeight="220"/>
    <SubTexture name="flight_12" x="146" y="677" width="190" height="110" frameX="-18" frameY="-74" frameWidth="220" frameHeight="220"/>
    <SubTexture name="flight_13" x="579" y="1" width="201" height="135" frameX="-7" frameY="-49" frameWidth="220" frameHeight="220"/>
    <SubTexture name="gamua-logo" x="1" y="317" width="192" height="192"/>
    <SubTexture name="logo" x="1" y="1" width="320" height="143"/>
    <SubTexture name="starling_front" x="660" y="305" width="124" height="170"/>
    <SubTexture name="starling_rocket" x="322" y="1" width="256" height="142"/>
    <SubTexture name="starling_round" x="341" y="144" width="169" height="167"/>
    <SubTexture name="starling_sheet" x="1" y="145" width="228" height="171"/>
</TextureAtlas>
