<?xml version="1.0" encoding="UTF-8"?>
<!-- Created with TexturePacker http://www.codeandweb.com/texturepacker-->
<!-- $TexturePacker:SmartUpdate:538fbefcc0f16e1650d929a002c66263:4f715245e0566aa66ce3289b0cb2a6f3:628d44f20a20d4ab7a3617802fac7201$ -->
<TextureAtlas imagePath="atlas.png" width="1568" height="1568">
    <SubTexture name="benchmark_object" x="1484" y="493" width="64" height="64"/>
    <SubTexture name="brush" x="1" y="1375" rotated="true" width="126" height="128" frameX="0" frameY="-1" frameWidth="128" frameHeight="128"/>
    <SubTexture name="button" x="1003" y="628" width="85" height="85" frameX="-2" frameY="-3" frameWidth="90" frameHeight="90"/>
    <SubTexture name="flight_00" x="1" y="1045" width="333" height="329" frameX="-82" frameY="-40" frameWidth="440" frameHeight="440"/>
    <SubTexture name="flight_01" x="631" y="963" width="333" height="323" frameX="-82" frameY="-45" frameWidth="440" frameHeight="440"/>
    <SubTexture name="flight_02" x="965" y="963" width="333" height="303" frameX="-82" frameY="-63" frameWidth="440" frameHeight="440"/>
    <SubTexture name="flight_03" x="1" y="288" width="384" height="287" frameX="-31" frameY="-73" frameWidth="440" frameHeight="440"/>
    <SubTexture name="flight_04" x="1155" y="1" width="404" height="220" frameX="-14" frameY="-134" frameWidth="440" frameHeight="440"/>
    <SubTexture name="flight_05" x="669" y="1287" width="333" height="280" frameX="-82" frameY="-132" frameWidth="440" frameHeight="440"/>
    <SubTexture name="flight_06" x="341" y="956" rotated="true" width="289" height="333" frameX="-82" frameY="-131" frameWidth="440" frameHeight="440"/>
    <SubTexture name="flight_07" x="1003" y="1267" width="333" height="283" frameX="-82" frameY="-131" frameWidth="440" frameHeight="440"/>
    <SubTexture name="flight_08" x="380" y="622" rotated="true" width="261" height="333" frameX="-82" frameY="-133" frameWidth="440" frameHeight="440"/>
    <SubTexture name="flight_09" x="335" y="1290" width="333" height="261" frameX="-82" frameY="-137" frameWidth="440" frameHeight="440"/>
    <SubTexture name="flight_10" x="1299" y="878" rotated="true" width="259" height="333" frameX="-82" frameY="-142" frameWidth="440" frameHeight="440"/>
    <SubTexture name="flight_11" x="386" y="288" rotated="true" width="254" height="333" frameX="-82" frameY="-147" frameWidth="440" frameHeight="440"/>
    <SubTexture name="flight_12" x="1" y="576" width="378" height="219" frameX="-37" frameY="-149" frameWidth="440" frameHeight="440"/>
    <SubTexture name="flight_13" x="1155" y="222" width="401" height="270" frameX="-14" frameY="-98" frameWidth="440" frameHeight="440"/>
    <SubTexture name="gamua-logo" x="1099" y="493" width="384" height="384"/>
    <SubTexture name="logo" x="1" y="1" width="640" height="286"/>
    <SubTexture name="starling_front" x="1" y="796" rotated="true" width="339" height="248"/>
    <SubTexture name="starling_rocket" x="642" y="1" width="512" height="283"/>
    <SubTexture name="starling_round" x="642" y="628" width="338" height="334"/>
    <SubTexture name="starling_sheet" x="642" y="285" width="456" height="342"/>
</TextureAtlas>
